title;field_first_name;field_last_name;field_e_mail;field_address;field_postal_code;field_state;field_country;field_phone;field_ssn;field_date_of_birth;field_city
000001;Camille;Carson;nunc.mauris@protonmail.ca;Ap #414-6580 Mauris Avenue;30778;Rio de Janeiro;China;(01647) 134711;HCC28YEI2XK;1/15/1980;Acac√≠as
000002;Lysandra;Cameron;neque.et@yahoo.edu;2238 Non, Road;4486;Arequipa;Indonesia;0800 1111;VSY68IGT6DM;8/14/1972;Seosan
000003;Candice;Blackburn;est.tempor@yahoo.couk;P.O. Box 224, 9572 Commodo Ave;4786;Basilicata;China;070 8218 0481;DLE73EMV6IC;9/26/1973;Sandviken
000004;Brett;Baldwin;vulputate@aol.edu;410-9832 Ac Rd.;57-652;Noord Brabant;China;0975 137 1227;LKY46BPS6YX;9/22/1996;Changi
000005;Quinn;Forbes;molestie.dapibus.ligula@aol.com;298-3256 Fringilla. Avenue;856344;South Sumatra;Costa Rica;0800 350130;HWS61YFV8QN;10/27/1976;Banda Aceh
000006;Kelsie;Cooley;augue.scelerisque.mollis@icloud.org;P.O. Box 169, 1057 Amet Av.;781286;Zuid Holland;South Africa;0316 334 5813;VJK28JCV7VS;03/02/00;Berlin
000007;Yuri;Mcintyre;arcu@hotmail.edu;Ap #886-2874 Nec, Ave;55-18;Bengkulu;Russian Federation;076 4416 1557;QJB53TSL5GY;10/17/1976;Gij√≥n
000008;Alden;Monroe;in@aol.net;431-8294 Ligula. Road;29546;Magallanes y Ant√°rtica Chilena;Australia;(016660) 16856;LNK18HHI3MP;2/28/1996;Huaraz
000009;Callum;Puckett;diam.dictum@icloud.net;2893 Suscipit, Avenue;65687;Henegouwen;Austria;0904 703 8173;ESM36KJO7TV;4/23/1975;Sicuani
000010;David;Santos;risus.varius@icloud.com;735-8016 Eget Av.;8920;Dnipropetrovsk oblast;Netherlands;056 3141 1025;GNW14VIL1YV;12/07/94;Rechnitz
000011;Dana;Hansen;pede.et@icloud.couk;P.O. Box 462, 6355 Nonummy Av.;633121;Buckinghamshire;Brazil;(01153) 88833;QQH47OYU2EZ;8/19/1983;North-Eastern Islands
000012;Dustin;Levy;rutrum.eu@google.couk;Ap #951-1686 Massa. Rd.;48505-432;Valle d'Aosta;Poland;0500 145555;UYF58TNM9TE;05/01/79;Padang
000013;Camille;Pitts;curabitur.dictum.phasellus@protonmail.com;P.O. Box 382, 3241 Sit Rd.;57586;South Chungcheong;Ukraine;0800 528 8548;VIU56XYN5RV;7/28/1981;Bacabal
000014;Wing;Burt;vivamus@yahoo.org;3440 Mauris Road;52-632;Madrid;Germany;(01358) 77176;PEE11DCW2FZ;11/25/1999;Vladimir
000015;Josephine;Hammond;phasellus.vitae.mauris@aol.org;822-2505 Dolor Rd.;9503 BD;O'Higgins;Brazil;0961 892 5061;EWZ81RST3WV;7/20/1999;Delft
000016;Chelsea;Nguyen;sed.facilisis@yahoo.ca;329-8848 Auctor, Avenue;2933;Punjab;Ukraine;0864 922 4465;FYJ81FKK3CX;7/14/1978;San Pablo
000017;Warren;Reilly;a.nunc@icloud.couk;473 Ultricies Avenue;647888;North Island;Belgium;(01226) 660482;NSR28KEU6YE;10/27/1997;Ravensburg
000018;Bree;Cline;iaculis@aol.org;P.O. Box 209, 211 Vel Rd.;3268;Champagne-Ardenne;Pakistan;07624 208372;MJB47CHV4EF;06/06/91;Velaine-sur-Sambre
000019;Gil;Wolfe;cras.pellentesque@hotmail.net;785-9198 Sit Avenue;7356;Free State;Belgium;0800 004 8133;MLN32CJE4UX;4/22/1989;Guadalupe
000020;Warren;Goff;vulputate.dui.nec@aol.ca;933-6338 Penatibus Ave;13324;Samsun;Poland;076 2876 7361;JQD46ARR3ZZ;3/15/1988;Tank
000021;Brittany;Snow;elit.aliquam@outlook.org;P.O. Box 911, 5129 Malesuada Road;12990;Loreto;Singapore;07217 555417;JIJ67EUJ3QM;04/02/84;Hangu
000022;Lewis;Russell;diam@protonmail.net;Ap #564-5070 Velit St.;654662;Warmi≈Ñsko-mazurskie;Ireland;0964 666 4164;PCV23JTP1MN;12/02/94;Worms
000023;Cora;Brennan;aliquam.arcu.aliquam@google.ca;3182 Proin Rd.;66918;Santa Catarina;Brazil;0800 870766;IHB91OEC6TN;12/17/1997;Braives
000024;Kasper;Whitley;imperdiet.ullamcorper.duis@icloud.couk;603-4866 Fermentum St.;68352;Hatay;Turkey;07549 516826;NJU39XMB1PN;01/04/85;Bad V√∂slau
000025;Mikayla;Tyler;libero.proin@google.org;P.O. Box 368, 4555 Tortor. St.;373207;Bangka Belitung Islands;South Africa;(0117) 573 2789;SHC84PHS2CB;9/15/1992;Ulloa (Barrial]
000026;Althea;Mcclure;lorem.eu@protonmail.ca;Ap #911-3404 Imperdiet, St.;11643;Stockholms l√§n;India;055 1642 7856;DFT63NDY7IP;8/21/1976;La Paz
000027;Hector;Wood;vel.lectus.cum@hotmail.ca;794-2225 Vestibulum. Ave;26-55;Central Kalimantan;China;(016312) 57413;GTG33CTG2IW;03/04/72;Tamworth
000028;Barbara;Herman;pharetra.ut.pharetra@protonmail.edu;Ap #814-2669 Sodales Rd.;642347;Missouri;United Kingdom;07438 776086;HGR41EJI2JH;3/16/1991;Ciudad Real
000029;Jade;Bass;adipiscing.elit@hotmail.edu;194-512 Pede, Rd.;6151;Navarra;Spain;0800 1111;PIW32SSS0ZU;08/09/89;Istanbul
000030;Adrian;Thornton;etiam.imperdiet@aol.com;Ap #754-7182 Aliquet. St.;683297;Manitoba;Norway;(0161) 678 0657;PSH08LJJ7TW;5/21/1992;Olympia
000031;Alma;Wynn;id@outlook.org;P.O. Box 911, 4677 Malesuada Rd.;30216;Burgenland;Ukraine;055 1388 9124;TTE48YMI7MO;2/23/1989;Melilla
000032;Mark;Cline;ornare.lectus@icloud.net;Ap #227-1535 Neque Street;95859;FATA;Russian Federation;055 2882 5007;UAM22IKC5UZ;9/24/1994;Long Xuy√™n
000033;Martin;Townsend;eu.turpis@hotmail.com;180-4150 Sodales St.;9152;Kirov Oblast;Poland;076 3535 5379;CWI43MKJ3HC;8/14/1973;Rothesay
000034;Maite;Hardin;venenatis@yahoo.couk;1301 Fusce Rd.;520462;Zh≈çngn√°n;Germany;(01631) 95649;FBT40POQ1KL;01/12/83;Nevers
000035;Madeson;Santiago;a.arcu@hotmail.couk;Ap #390-7886 Eu Road;50103;D≈çngbƒõi;Norway;0500 784742;MZX57CYK5LY;2/22/1980;Chortkiv
000036;Gay;Perkins;sed.diam@google.net;Ap #625-8378 Vitae Ave;20102;Western Cape;Turkey;0912 367 2936;MYG97XEC5DG;09/01/93;Feldkirchen in K√§rnten
000037;Wyoming;Crane;ipsum.porta@hotmail.ca;Ap #168-1473 Nec, St.;6257;Puntarenas;Ukraine;0500 645878;EWN14XEQ3MH;7/15/1995;Stroitel
000038;Colorado;Kelly;ipsum.phasellus@outlook.couk;Ap #747-7907 Ultricies Rd.;5714-0366;Northwest Territories;Singapore;07583 727480;WIF36JPI7IJ;10/29/1987;Denpasar
000039;Winifred;Dominguez;id.libero@icloud.ca;511-648 Pellentesque. Street;5275-5845;Stockholms l√§n;Ireland;0800 267559;RFI22TPC6WL;5/25/1994;Yurimaguas
000040;Herman;Smith;luctus.ut@protonmail.edu;Ap #393-5728 Sed Ave;19089;Viken;Indonesia;070 7337 4453;FON73PSC7MW;10/07/95;Kropyvnytskyi
000041;Karen;Wells;odio.a@hotmail.couk;637-4302 Semper Avenue;49164;Noord Holland;Spain;0399 582 8143;VTR74FMJ8HG;3/13/1979;Louisville
000042;Rashad;Maynard;arcu.vestibulum@outlook.couk;Ap #486-4717 Fringilla Rd.;38108;Noord Holland;United States;0800 361421;GVC97GUZ8BX;12/18/1976;Dipolog
000043;Dara;Tillman;sed.hendrerit@hotmail.org;2490 Purus Avenue;11675-28198;Cesar;Italy;0800 1111;ARO83DJH7WV;03/12/78;Inverbervie
000044;Kaseem;Morton;id.sapien@yahoo.ca;P.O. Box 479, 2146 Sed Road;456831;Provence-Alpes-C√¥te d'Azur;Ukraine;0800 156 3312;IWY53TQA0WY;4/18/1972;Langenhagen
000045;Kaseem;Collins;facilisis.facilisis@icloud.com;794-8062 Aenean Street;88674-38938;Putumayo;Ukraine;056 5897 5861;HUC03QII7IA;1/23/1974;Broxburn
000046;Kyla;Tillman;nunc.ac.sem@outlook.couk;Ap #183-1070 Mauris Road;307695;Mpumalanga;Canada;(0111) 313 8451;MJP78ZGC1QR;3/31/1987;Pedro Aguirre Cerda
000047;Willa;Barrera;diam.nunc@google.org;241-7360 Arcu Rd.;B7Y 5J7;Manitoba;Norway;070 4701 6962;ALB70KUD7BX;08/05/94;Springs
000048;Travis;Parrish;aliquet@icloud.org;P.O. Box 285, 3010 Lobortis Av.;237913;Para√≠ba;Australia;0800 1111;HEX73UIW6EG;08/02/96;Davao City
000049;Deacon;Spence;felis.purus@google.org;P.O. Box 827, 4365 Libero Rd.;5367 ED;Bremen;Netherlands;07624 817311;CTH98NNK8XK;04/07/73;Calamba
000050;Anthony;Stanley;gravida.molestie@hotmail.edu;532-7518 Varius. Road;2644 UQ;North Chungcheong;China;056 5946 2811;LLH40ECE6XF;4/24/1991;Frederikstad
000051;Timon;Beasley;tincidunt.dui.augue@outlook.com;463-6590 Gravida. Street;7550;Aydƒ±n;Vietnam;055 0951 1772;YPW54ODC3UD;4/28/1986;Flint
000052;September;Burns;turpis.nec@aol.org;Ap #840-4512 Montes, St.;41312;Para√≠ba;Chile;07624 447744;LEK02EKY0NJ;08/03/86;Orenburg
000053;Jemima;Morin;vehicula.aliquet@outlook.com;912-2993 Purus. Avenue;65661;Rheinland-Pfalz;Poland;076 2234 3219;WBY31KJM0RV;10/05/97;Kielce
000054;Francis;Gilliam;augue.sed.molestie@icloud.ca;Ap #180-2315 Amet Avenue;35365;Davao Region;Mexico;056 4157 0468;NCM50WTX3KK;7/29/1992;Krak√≥w
000055;Amber;Page;consequat.auctor.nunc@hotmail.edu;P.O. Box 560, 1205 Arcu Avenue;67992;Qu·∫£ng Ng√£i;Ireland;056 5203 4069;EAP15VEE7SJ;09/06/73;Leoben
000056;Elton;Riley;ante.ipsum@hotmail.com;6902 Arcu Rd.;44-238;Jharkhand;Russian Federation;0800 178203;CAH50KKY2XX;8/21/1977;Molina
000057;Sage;Rollins;natoque.penatibus@outlook.com;Ap #680-1937 At Rd.;71438;Gyeonggi;Australia;07624 683410;AXT41LAM6UE;3/22/1981;Taltal
000058;Ryan;Salazar;gravida.praesent@icloud.org;6659 Nulla Av.;54486;Connecticut;United Kingdom;(016977) 4174;DSR38LRW4SH;11/22/1977;Darlington
000059;Shad;Drake;morbi.tristique@hotmail.edu;585-5547 Nam Rd.;685592;Ternopil oblast;Ireland;056 4633 3328;ALK55FWR5ZX;4/17/1973;Naushahro Firoze
000060;Charlotte;Hebert;non.justo@aol.com;169-4267 Tempor Rd.;9372;Kujawsko-pomorskie;Belgium;056 2163 2186;UDF35YXJ6WI;9/20/1979;Hilversum
000061;Odessa;Estrada;lectus.sit@protonmail.couk;986-5120 Phasellus Avenue;24135;Swiƒôtokrzyskie;China;(0118) 281 6345;ZJH35USP8QY;12/16/1983;Caruaru
000062;Celeste;Huber;adipiscing@aol.net;743-3648 Nulla. Rd.;2752;Radnorshire;Mexico;0874 164 1093;ERS35BOT4UE;9/16/1972;Chiguayante
000063;Lance;Bennett;ornare@outlook.edu;Ap #181-4068 Posuere Rd.;25351;Leinster;Indonesia;0353 884 7568;UDG77QWS0GD;03/07/80;Tumba
000064;Malik;Cantu;elit.erat@yahoo.net;Ap #947-8825 Et, St.;584983;Goi√°s;Costa Rica;07878 642694;FBO80BYQ0VJ;8/28/1983;Tarn√≥w
000065;Noel;Lucas;penatibus.et@hotmail.com;9802 Libero Road;654774;Drenthe;Netherlands;(021) 2080 9694;NEB58JKT4WY;2/22/2000;Tobermory
000066;Vanna;Herring;proin.vel@icloud.org;203-9929 Eleifend St.;58517;Free State;Spain;07624 342955;NHN53QVU1EW;9/15/1994;Orhangazi
000067;Rachel;Vinson;tempor.bibendum.donec@yahoo.com;833-5701 Cursus Rd.;813592;Meta;Nigeria;(021) 4450 5226;IDH28NLI9DP;12/16/1992;Hidalgo del Parral
000068;Beverly;Holland;pede.ac@outlook.couk;Ap #750-5829 Magnis Road;98661-151;Extremadura;United Kingdom;(0131) 194 7791;CVN02TDZ5KI;01/02/86;San Jos√© de Alajuela
000069;Buckminster;Murphy;proin.non@outlook.org;P.O. Box 364, 7899 Id Rd.;763674;D≈çngbƒõi;Indonesia;0800 827868;CMJ64XYK2BJ;08/10/85;Gangtok
000070;Geraldine;Burns;pretium.et.rutrum@protonmail.com;Ap #835-6564 Libero St.;393867;Pomorskie;Pakistan;0800 425541;BYE82ZML0XN;8/30/1972;Belfast
000071;Christine;Stevenson;malesuada.fames@protonmail.couk;Ap #765-918 Cursus Rd.;73287;Amur Oblast;Norway;(01671) 582594;UFH67IOM8TM;2/18/1984;B·∫°c Li√™u
000072;Shea;Cantrell;nunc.ullamcorper.eu@hotmail.edu;8640 Libero Av.;591479;Lower Austria;Ireland;070 7075 7262;DTP92PYB8WS;07/07/89;Moncton
000073;Shana;Armstrong;eget.metus@aol.org;3937 Risus. St.;212728;Ivanovo Oblast;Turkey;(01213) 65558;JVH59NEG8QQ;3/30/2000;Freirina
000074;Carlos;Gamble;tellus.faucibus@aol.org;P.O. Box 503, 8183 Parturient St.;411765;Leinster;India;0800 1111;YME50ZXC3CB;10/14/1972;Clementi
000075;Ali;Campbell;nunc@google.org;P.O. Box 144, 7039 Mauris Rd.;3528;Ceuta;South Africa;0846 127 6144;REV52YXU6JV;4/18/1998;Opglabbeek
000076;Jin;Bullock;magna@google.com;P.O. Box 227, 1782 Pellentesque Road;3162;FATA;Ukraine;(012975) 49647;DDC23VLT0DN;12/01/84;Th√°i Nguy√™n
000077;Halee;Bullock;sit@yahoo.org;6587 Euismod St.;69-255;Oslo;Vietnam;0845 46 41;HEJ13GSZ2HF;7/13/1984;Dhanbad
000078;Garrett;Ortega;magnis.dis.parturient@outlook.couk;955-1866 Elit Ave;T9Q 5DR;Hu√°d≈çng;Turkey;0845 46 44;EHH36JYD6RS;11/04/87;Jecheon
000079;Hope;Hall;mauris.morbi@aol.net;285-9589 Tempor Road;18206;Gaziantep;Italy;0500 115824;UQT71TMD3ND;12/09/95;Fort Smith
000080;Pearl;Walsh;varius@protonmail.net;571-1506 Nec, Rd.;12796;Styria;Russian Federation;0845 46 47;YRM63GDW6RW;9/22/1987;B·∫Øc K·∫°n
000081;Fay;Howard;quis@aol.net;959-7169 Tempus Av.;32179;Quind√≠o;Italy;(0117) 845 9850;RLF42HXL9TS;12/21/1981;G√§vle
000082;September;Erickson;consectetuer.ipsum.nunc@yahoo.net;P.O. Box 384, 4980 Amet Street;151955;An Giang;Austria;(016977) 7682;OYL66ROV0HK;3/19/1972;Agartala
000083;Cleo;Mcdonald;mauris@aol.net;119-8058 Vulputate St.;18676;Mexico City;New Zealand;0314 368 5224;NCG82INP4JM;3/28/1985;Brisbane
000084;Thane;Delgado;nisi.aenean@protonmail.edu;P.O. Box 717, 7959 Lectus, Avenue;23147;Dalarnas l√§n;Netherlands;(0113) 113 5215;MVI33VGV2KD;6/13/1994;Almelo
000085;Reed;Beach;vulputate@protonmail.couk;8902 Neque Avenue;2397;Ancash;Turkey;056 8570 8361;ZXF46YRD3RM;6/29/1991;Ceuta
000086;Cain;Hyde;nec.leo@yahoo.couk;6751 Ut St.;827792;Gaziantep;China;(0141) 315 6942;EVR26DPB5OW;07/02/75;Qinghai
000087;Lev;Fitzpatrick;tellus.eu@hotmail.edu;932-3469 Mattis. St.;6415 RX;Rheinland-Pfalz;Australia;0845 46 42;OAG25CFQ8QQ;09/10/75;Tacurong
000088;Fletcher;Bryant;purus.duis@aol.ca;P.O. Box 670, 8454 Volutpat Road;28527;Sussex;Chile;(012663) 98681;PPW77ECE9FF;6/19/1977;Frederikstad
000089;Vivian;Kaufman;malesuada.fames.ac@aol.org;Ap #746-3774 Sed Avenue;334893;San Jos√©;Ireland;0845 46 47;XBY04UKT3XK;08/03/95;Beijing
000090;Jackson;Manning;mauris.elit@outlook.com;119-9132 Lorem St.;51575;Nova Scotia;Peru;056 0002 3392;FPG06FJS1EF;12/14/1984;Hof
000091;Quinlan;Irwin;dolor@icloud.edu;P.O. Box 469, 662 Facilisis St.;242643;Daman and Diu;South Korea;055 8381 6463;NFW24YLQ2JL;9/24/1995;Springfield
000092;Zenia;Moody;mollis@outlook.edu;921-3922 Ullamcorper Road;74R 4E7;North Jeolla;France;0800 1111;SBP11MVV4QQ;9/22/1986;Belfast
000093;Silas;Burris;auctor.mauris@hotmail.net;P.O. Box 817, 2736 Congue, Ave;84595;Central Java;Brazil;055 8814 9586;NGD24YXA2CW;05/02/96;Gargazzone/Gargazon
000094;Cairo;Small;laoreet.ipsum@outlook.org;Ap #342-9743 Augue Road;26396;Nuevo Le√≥n;India;07624 905619;OBC82VFD5OI;10/05/75;Minna
000095;Steven;Nolan;nunc@icloud.couk;7362 Nisi Rd.;4753 RV;Khyber Pakhtoonkhwa;Brazil;07624 194487;URR35QPR9IP;9/20/1991;Lugo
000096;Hashim;Short;quisque.ornare@yahoo.org;200-2030 Dolor Rd.;6327;Warmi≈Ñsko-mazurskie;South Africa;055 3347 6775;MLM94JQM4LQ;08/12/88;Val√©ncia
000097;Julie;Thomas;senectus.et@yahoo.org;782-3100 Sapien, Rd.;121648;Van;Ireland;076 6628 1226;NYR27UNB9KT;03/12/75;Nijlen
000098;Kimberly;Lancaster;quisque@hotmail.com;533-6215 Vestibulum Rd.;50605;Benue;Pakistan;0800 512523;UZT15OGR3EM;3/16/1982;Parramatta
000099;Eagan;Marsh;nulla.eget@protonmail.net;Ap #405-1004 Non Avenue;l3B 5S7;Gyeonggi;New Zealand;0984 528 8817;PHT88ILH9JH;07/09/96;Cheyenne
000100;Dara;Daniels;turpis@icloud.org;196-5995 Venenatis Street;Z3 3HA;Hertfordshire;Sweden;(016977) 4636;ETF66XXM8YV;2/18/1999;Norrk√∂ping